uniprot	action	target_frag	neighbor	merge_dir	result_start	result_end	result_length
Q8WSR4	merge	F007	F006	left	1132	1555	424
Q8WSR4	merge	F008	F006+F007	left	1132	1564	433
Q8WSR4	merge	F014	F013	left	2245	2439	195
Q8WSR4	merge	F015	F016	right	2440	2693	254
Q61CW2	merge	F009	F010	right	1112	1438	327
Q61CW2	merge	F014	F013	left	1806	2071	266
Q9USR3	merge	F006	F007	right	229	432	204
Q9USR3	merge	F008	F009	right	433	977	545
Q64632	merge	F005	F004	left	623	769	147
Q64632	merge	F006	F007	right	770	1074	305
Q64632	merge	F008	F006+F007	left	770	1117	348
Q9HH84	merge	F004	F005	right	490	930	441
Q9HH84	merge	F007	F008	right	1029	1174	146
Q9HH84	merge	F010	F009	left	1175	1465	291
P47171	merge	F004	F003	left	336	454	119
P47171	merge	F005	F006	right	455	704	250
Q24K09	merge	F006	F007	right	604	954	351
Q5HGG7	merge	F002	F003	right	171	1438	1268
Q2EEX2	merge	F004	F005	right	235	393	159
Q2EEX2	merge	F007	F006	left	394	838	445
Q2EEX2	merge	F008	F006+F007	left	394	843	450
Q2EEX2	merge	F009	F006+F007+F008	left	394	890	497
Q9NZ71	merge	F004	F005	right	411	797	387
Q8BND3	merge	F003	F004	right	461	996	536
Q8BND3	merge	F005	F003+F004	left	461	1009	549
Q58914	merge	F002	F003	right	56	145	90
Q45716	merge	F004	F003	left	282	800	519
Q27607	merge	F004	F005	right	612	1145	534
W0TFN1	merge	F006	F005	left	797	922	126
Q1ZXK2	merge	F005	F004	left	394	530	137
Q1ZXK2	merge	F006	F004+F005	left	394	551	158
Q1ZXK2	merge	F007	F004+F005+F006	left	394	572	179
Q1ZXK2	merge	F008	F004+F005+F006+F007	left	394	581	188
Q1ZXK2	merge	F009	F004+F005+F006+F007+F008	left	394	598	205
Q1ZXK2	merge	F010	F004+F005+F006+F007+F008+F009	left	394	617	224
Q1ZXK2	merge	F012	F013	right	685	1033	349
Q81BF4	merge	F003	F004	right	652	1065	414
Q8LPR9	merge	F003	F002	left	35	697	663
Q29FS3	merge	F005	F004	left	435	806	372
Q29FS3	merge	F006	F004+F005	left	435	810	376
Q29FS3	merge	F007	F004+F005+F006	left	435	832	398
Q29FS3	merge	F008	F004+F005+F006+F007	left	435	876	442
Q2GXG8	merge	F002	F001	left	1	107	107
Q2GXG8	merge	F003	F004	right	108	581	474
Q2GXG8	merge	F005	F003+F004	left	108	630	523
Q9M2T1	merge	F002	F003	right	146	369	224
Q9M2T1	merge	F005	F004	left	370	547	178
