uniprot	fragment_id	start	end	length	pdb_path
P47171	F001	4	335	332	data/outputs/segments/orphanZ70_reps/pdb/P47171_F001.pdb.gz
P47171	F002	336	454	119	data/outputs/segments/orphanZ70_reps/pdb/P47171_F002.pdb.gz
P47171	F003	455	704	250	data/outputs/segments/orphanZ70_reps/pdb/P47171_F003.pdb.gz
P47171	F004	705	1610	906	data/outputs/segments/orphanZ70_reps/pdb/P47171_F004.pdb.gz
Q1ZXK2	F001	39	393	355	data/outputs/segments/orphanZ70_reps/pdb/Q1ZXK2_F001.pdb.gz
Q1ZXK2	F002	394	617	224	data/outputs/segments/orphanZ70_reps/pdb/Q1ZXK2_F002.pdb.gz
Q1ZXK2	F003	618	684	67	data/outputs/segments/orphanZ70_reps/pdb/Q1ZXK2_F003.pdb.gz
Q1ZXK2	F004	685	1033	349	data/outputs/segments/orphanZ70_reps/pdb/Q1ZXK2_F004.pdb.gz
Q21049	F001	16	155	140	data/outputs/segments/orphanZ70_reps/pdb/Q21049_F001.pdb.gz
Q21049	F002	156	232	77	data/outputs/segments/orphanZ70_reps/pdb/Q21049_F002.pdb.gz
Q21049	F003	233	544	312	data/outputs/segments/orphanZ70_reps/pdb/Q21049_F003.pdb.gz
Q21049	F004	545	629	85	data/outputs/segments/orphanZ70_reps/pdb/Q21049_F004.pdb.gz
Q21049	F005	630	768	139	data/outputs/segments/orphanZ70_reps/pdb/Q21049_F005.pdb.gz
Q21049	F006	769	1127	359	data/outputs/segments/orphanZ70_reps/pdb/Q21049_F006.pdb.gz
Q21534	F001	1	65	65	data/outputs/segments/orphanZ70_reps/pdb/Q21534_F001.pdb.gz
Q21534	F002	66	363	298	data/outputs/segments/orphanZ70_reps/pdb/Q21534_F002.pdb.gz
Q21534	F003	364	553	190	data/outputs/segments/orphanZ70_reps/pdb/Q21534_F003.pdb.gz
Q21534	F004	554	1078	525	data/outputs/segments/orphanZ70_reps/pdb/Q21534_F004.pdb.gz
Q24K09	F001	10	110	101	data/outputs/segments/orphanZ70_reps/pdb/Q24K09_F001.pdb.gz
Q24K09	F002	111	238	128	data/outputs/segments/orphanZ70_reps/pdb/Q24K09_F002.pdb.gz
Q24K09	F003	239	392	154	data/outputs/segments/orphanZ70_reps/pdb/Q24K09_F003.pdb.gz
Q24K09	F004	393	603	211	data/outputs/segments/orphanZ70_reps/pdb/Q24K09_F004.pdb.gz
Q24K09	F005	604	954	351	data/outputs/segments/orphanZ70_reps/pdb/Q24K09_F005.pdb.gz
Q24K09	F006	955	1117	163	data/outputs/segments/orphanZ70_reps/pdb/Q24K09_F006.pdb.gz
Q24K09	F007	1118	1611	494	data/outputs/segments/orphanZ70_reps/pdb/Q24K09_F007.pdb.gz
Q27533	F001	1	120	120	data/outputs/segments/orphanZ70_reps/pdb/Q27533_F001.pdb.gz
Q27533	F002	121	494	374	data/outputs/segments/orphanZ70_reps/pdb/Q27533_F002.pdb.gz
Q27533	F003	495	568	74	data/outputs/segments/orphanZ70_reps/pdb/Q27533_F003.pdb.gz
Q27533	F004	569	794	226	data/outputs/segments/orphanZ70_reps/pdb/Q27533_F004.pdb.gz
Q27533	F005	795	1210	416	data/outputs/segments/orphanZ70_reps/pdb/Q27533_F005.pdb.gz
Q27607	F001	25	227	203	data/outputs/segments/orphanZ70_reps/pdb/Q27607_F001.pdb.gz
Q27607	F002	228	611	384	data/outputs/segments/orphanZ70_reps/pdb/Q27607_F002.pdb.gz
Q27607	F003	612	1145	534	data/outputs/segments/orphanZ70_reps/pdb/Q27607_F003.pdb.gz
Q29FS3	F001	1	92	92	data/outputs/segments/orphanZ70_reps/pdb/Q29FS3_F001.pdb.gz
Q29FS3	F002	93	296	204	data/outputs/segments/orphanZ70_reps/pdb/Q29FS3_F002.pdb.gz
Q29FS3	F003	297	434	138	data/outputs/segments/orphanZ70_reps/pdb/Q29FS3_F003.pdb.gz
Q29FS3	F004	435	876	442	data/outputs/segments/orphanZ70_reps/pdb/Q29FS3_F004.pdb.gz
Q29FS3	F005	877	1005	129	data/outputs/segments/orphanZ70_reps/pdb/Q29FS3_F005.pdb.gz
Q2EEX2	F001	15	165	151	data/outputs/segments/orphanZ70_reps/pdb/Q2EEX2_F001.pdb.gz
Q2EEX2	F002	166	234	69	data/outputs/segments/orphanZ70_reps/pdb/Q2EEX2_F002.pdb.gz
Q2EEX2	F003	235	393	159	data/outputs/segments/orphanZ70_reps/pdb/Q2EEX2_F003.pdb.gz
Q2EEX2	F004	394	890	497	data/outputs/segments/orphanZ70_reps/pdb/Q2EEX2_F004.pdb.gz
Q2EEX2	F005	891	945	55	data/outputs/segments/orphanZ70_reps/pdb/Q2EEX2_F005.pdb.gz
Q2EEX2	F006	946	1224	279	data/outputs/segments/orphanZ70_reps/pdb/Q2EEX2_F006.pdb.gz
Q2GXG8	F001	1	107	107	data/outputs/segments/orphanZ70_reps/pdb/Q2GXG8_F001.pdb.gz
Q2GXG8	F002	108	630	523	data/outputs/segments/orphanZ70_reps/pdb/Q2GXG8_F002.pdb.gz
Q2GXG8	F003	631	822	192	data/outputs/segments/orphanZ70_reps/pdb/Q2GXG8_F003.pdb.gz
Q2GXG8	F004	823	927	105	data/outputs/segments/orphanZ70_reps/pdb/Q2GXG8_F004.pdb.gz
Q2GXG8	F005	928	995	68	data/outputs/segments/orphanZ70_reps/pdb/Q2GXG8_F005.pdb.gz
